family_name,given_name,birth_year,death_year,birth_country,race,gender,reference
Abel,Niels,1802,1829,Norway,white,male,https://en.wikipedia.org/wiki/Niels_Henrik_Abel
Anderson,Philip,1923,2020,United States,white,male,https://en.wikipedia.org/wiki/Philip_W._Anderson
Aharonov,Yakir,1932,,Palestine,white,male,https://en.wikipedia.org/wiki/Yakir_Aharonov
Arago,François,1786,1853,France,white,male,https://en.wikipedia.org/wiki/François_Arago
Atiyah,Michael,1929,2019,England,white,male,https://en.wikipedia.org/wiki/Michael_Atiyah
Bacharach,Isaak,1854,1942,Germany,white,male,https://en.wikipedia.org/wiki/Isaak_Bacharach
Barnes,Ernest,1874,1953,England,white,male,https://en.wikipedia.org/wiki/Ernest_Barnes
Barsotti,Iacopo,1921,1987,Italy,white,male,https://en.wikipedia.org/wiki/Iacopo_Barsotti
Bass,Hyman,1932,,United States,white,male,https://en.wikipedia.org/wiki/Hyman_Bass
Batchelor,George,1920,2000,Australia,white,male,https://en.wikipedia.org/wiki/George_Batchelor
Beer,August,1825,1863,Germany,white,male,https://en.wikipedia.org/wiki/August_Beer
Beltrami,Eugenio,1835,1900,Italy,white,male,https://en.wikipedia.org/wiki/Eugenio_Beltrami
Bénard,Henri,1874,1939,France,white,male,https://en.wikipedia.org/wiki/Henri_Bénard
Bernal,John,1901,1971,Ireland,white,male,https://en.wikipedia.org/wiki/J._D._Bernal
Bernoulli,Daniel,1700,1782,Switzerland,white,male,https://en.wikipedia.org/wiki/Daniel_Bernoulli
Bernstein,Joseph,1945,,Soviet Union,white,male,https://en.wikipedia.org/wiki/Joseph_Bernstein
Bernstein,Sergei,1880,1968,Russia,white,male,https://en.wikipedia.org/wiki/Sergei_Natanovich_Bernstein
Bessel,Friedrich,1784,1846,Germany,white,male,https://en.wikipedia.org/wiki/Friedrich_Bessel
Bethe,Hans,1906,2005,Germany,white,male,https://en.wikipedia.org/wiki/Hans_Bethe
Biot,Jean-Baptiste,1774,1862,Frane,white,male,https://en.wikipedia.org/wiki/Jean-Baptiste_Biot
Bjerknes,Vilhelm,1862,1951,Norway,white,male,https://en.wikipedia.org/wiki/Vilhelm_Bjerknes
Blackwell,David,1919,2010,United States,white,male,https://en.wikipedia.org/wiki/David_Blackwell
Bohm,David,1917,1992,United States,white,male,https://en.wikipedia.org/wiki/David_Bohm
Bohr,Niels,1885,1962,Denmark,white,male,https://en.wikipedia.org/wiki/Niels_Bohr
Boltzmann,Ludwig,1844,1906,Austria,white,male,https://en.wikipedia.org/wiki/Ludwig_Boltzmann
Bolzano,Bernard,1781,1848,Bohemia,white,male,https://en.wikipedia.org/wiki/Bernard_Bolzano
Bonnet,Pierre,1819,1892,France,white,male,https://en.wikipedia.org/wiki/Pierre_Ossian_Bonnet
Born,Max,1882,1970,Germany,white,male,https://en.wikipedia.org/wiki/Max_Born
Bosch,Carl,1874,1940,Germany,white,male,https://en.wikipedia.org/wiki/Carl_Bosch
Bose,Satyendra,1894,1974,India,South Asian,male,https://en.wikipedia.org/wiki/Satyendra_Nath_Bose
Box,George,1919,2013,England,white,male,https://en.wikipedia.org/wiki/George_E._P._Box
Brouwer,Luitzen,1881,1966,Netherlands,white,male,https://en.wikipedia.org/wiki/L._E._J._Brouwer
Brunn,Hermann,1862,1939,Germany,white,male,https://en.wikipedia.org/wiki/Hermann_Brunn
Butler,John,1899,1977,England,white,male,https://en.wikipedia.org/wiki/John_Alfred_Valentine_Butler
Cahen,Eugène,1865,1941,France,white,male,https://g.co/kgs/857QZo
Cauchy,Augustin,1789,1857,France,white,male,https://en.wikipedia.org/wiki/Augustin-Louis_Cauchy
Cardano,Gerolamo,1501,1576,Italy,white,male,https://en.wikipedia.org/wiki/Gerolamo_Cardano
Carleman,Torsten,1892,1949,Sweden,white,male,https://en.wikipedia.org/wiki/Torsten_Carleman
Carnahan,Norman,1942,,United States,white,male,https://en.wikipedia.org/wiki/Norman_F._Carnahan
Cartan,Élie,1869,1951,France,white,male,https://en.wikipedia.org/wiki/Élie_Cartan
Cartier,Pierre,1932,,France,white,male,https://en.wikipedia.org/wiki/Pierre_Cartier_(mathematician)
Casher,Aharon,1941,2018,Palestine,white,male,https://physics.tau.ac.il/in_memoriam_casher
Casorati,Felice,1835,1890,Italy,white,male,https://en.wikipedia.org/wiki/Felice_Casorati_(mathematician)
Castelnuovo,Guido,1865,1952,Italy,white,male,https://en.wikipedia.org/wiki/Guido_Castelnuovo
Cayley,Arthur,1821,1895,England,white,male,https://en.wikipedia.org/wiki/Arthur_Cayley
Čech,Eduard,1893,1960,Austria-Hungary,white,male,https://en.wikipedia.org/wiki/Eduard_Čech
Chandrasekhar,Subrahmanyan,1910,1995,India,South Asian,male,https://en.wikipedia.org/wiki/Subrahmanyan_Chandrasekhar
Chapman,David,1869,1958,England,white,male,https://en.wikipedia.org/wiki/David_Chapman_(chemist)
Chapman,Sydney,1888,1970,England,white,male,https://en.wikipedia.org/wiki/Sydney_Chapman_(mathematician)
Charlier,Carl,1862,1934,Sweden,white,male,https://en.wikipedia.org/wiki/Carl_Charlier
Church,Alonzo,1903,1995,United States,white,male,https://en.wikipedia.org/wiki/Alonzo_Church
Clapeyron,Benoît,1799,1864,France,white,male,https://en.wikipedia.org/wiki/Benoît_Paul_Émile_Clapeyron
Clausius,Rudolf,1822,1888,Germany,white,male,https://en.wikipedia.org/wiki/Rudolf_Clausius
Clebsch,Alfred,1833,1872,Germany,white,male,https://en.wikipedia.org/wiki/Clebsch–Gordan_coefficients
Condon,Edward,1902,1974,United States,white,male,https://en.wikipedia.org/wiki/Edward_Condon
Cotes,Roger,1682,1716,England,white,male,https://en.wikipedia.org/wiki/Roger_Cotes
Couette,Maurice,1858,1943,France,white,male,https://en.wikipedia.org/wiki/Maurice_Couette
Cox,David,1924,,England,white,male,https://en.wikipedia.org/wiki/David_Cox_(statistician)
Cramér,Harald,1893,1985,Sweden,white,male,https://en.wikipedia.org/wiki/Harald_Cramér
Crank,John,1916,2006,England,white,male,https://en.wikipedia.org/wiki/John_Crank
Curie,Pierre,1859,1906,France,white,male,https://en.wikipedia.org/wiki/Pierre_Curie
d’Alembert,Jean,1717,1783,France,white,male,https://en.wikipedia.org/wiki/Jean_le_Rond_d%27Alembert
Darrieus,Georges,188,1979,France,white,male,https://en.wikipedia.org/wiki/Georges_Jean_Marie_Darrieus
Darwin,Charles G,1887,1962,England,white,male,https://en.wikipedia.org/wiki/Charles_Galton_Darwin
de Broglie,Louis,1892,1987,France,white,male,https://en.wikipedia.org/wiki/Louis_de_Broglie
de Franchis,Michele,1875,1946,Italy,white,male,https://en.wikipedia.org/wiki/Michele_de_Franchis
de Haas,Wander,1878,1960,Netherlands,white,male,https://en.wikipedia.org/wiki/Wander_Johannes_de_Haas
de Moivre,Abraham,1667,1754,France,white,male,https://en.wikipedia.org/wiki/Abraham_de_Moivre
de Vries,Gustav,1866,1934,Netherlands,white,male,https://en.wikipedia.org/wiki/Gustav_de_Vries
Debye,Peter,1884,1966,Netherlands,white,male,https://en.wikipedia.org/wiki/Peter_Debye
Deligne,Pierre,1944,,Belgium,white,male,https://en.wikipedia.org/wiki/Pierre_Deligne
Denjoy,Arnaud,1884,1974,France,white,male,https://en.wikipedia.org/wiki/Arnaud_Denjoy
Descartes,René,1596,1650,France,white,male,https://en.wikipedia.org/wiki/René_Descartes
Dickson,Leonard,1874,1954,United States,white,male,https://en.wikipedia.org/wiki/Leonard_Eugene_Dickson
Dieudonné,Jean,1906,1992,France,white,male,https://en.wikipedia.org/wiki/Jean_Dieudonné
Dini,Ulisse,1845,1918,Italy,white,male,https://en.wikipedia.org/wiki/Ulisse_Dini#See_also
Dirac,Paul,1902,1984,England,white,male,https://en.wikipedia.org/wiki/Paul_Dirac
Donsker,Monroe,1924,1991,United States,white,male,https://en.wikipedia.org/wiki/Monroe_D._Donsker
Drinefeld,Vladimir,1954,,Soviet Union,white,male,https://en.wikipedia.org/wiki/Vladimir_Drinfeld
Drude,Paul,1863,1906,Germany,white,male,https://en.wikipedia.org/wiki/Paul_Drude
Duhem,Pierre,1861,1916,France,white,male,https://en.wikipedia.org/wiki/Paul_Drude
Einstein,Albert,1879,1955,Germany,white,male,https://en.wikipedia.org/wiki/Albert_Einstein
Emden,Robert,1862,1940,Switzerland,white,male,https://en.wikipedia.org/wiki/Robert_Emden
Enneper,Alfred,1830,1885,Germany,white,male,https://en.wikipedia.org/wiki/Alfred_Enneper
Enskog,David,1884,1947,Sweden,white,male,https://en.wikipedia.org/wiki/David_Enskog
Euclid,,-350,-250,Greece,white,male,https://en.wikipedia.org/wiki/Euclid
Euler,Leonhard,1707,1783,Switzerland,white,male,https://en.wikipedia.org/wiki/Robert_Emden
Farrell,Thomas,1941,,United States,white,male,https://en.wikipedia.org/wiki/F._Thomas_Farrell
Fekete,Michael,1886,1957,Hungary,white,male,https://en.wikipedia.org/wiki/Michael_Fekete
Fermi,Enrico,1901,1954,Italy,white,male,https://en.wikipedia.org/wiki/Enrico_Fermi
Feynman,Richard,1918,1988,United States,white,male,https://en.wikipedia.org/wiki/Richard_Feynman
Fischer,Franz,1877,1947,Germany,white,male,https://en.wikipedia.org/wiki/Franz_Joseph_Emil_Fischer
Fisher,Ronald,1890,1962,England,white,male,https://en.wikipedia.org/wiki/Ronald_Fisher
Flory,Paul,1910,1985,United States,white,male,https://en.wikipedia.org/wiki/Paul_Flory
Fock,Vladimir,1898,1974,Soviet Union,white,male,https://en.wikipedia.org/wiki/Vladimir_Fock
Fokker,Adriaan,1887,1972,Netherlands,white,male,https://en.wikipedia.org/wiki/Adriaan_Fokker
Ford,Kent,1931,,United States,white,male,https://en.wikipedia.org/wiki/Kent_Ford_(astronomer)
Fourier,Joseph,1768,1830,France,white,male,https://en.wikipedia.org/wiki/Joseph_Fourier
Fowler,Ralph,1889,1944,England,white,male,https://en.wikipedia.org/wiki/Ralph_H._Fowler
Fox,Thomas,,1978,United States,white,male,https://physicstoday.scitation.org/doi/pdf/10.1063/1.2995006
Franck,James,1882,1964,Germany,white,male,https://en.wikipedia.org/wiki/James_Franck
Franz,Rudolph,1826,1902,Germany,white,male,https://en.wikipedia.org/wiki/Rudolph_Franz
Frenkel,Yakov,1894,1952,Russia,white,male,https://en.wikipedia.org/wiki/Yakov_Frenkel
Fresnel,Augustin-Jean,1788,1827,France,white,male,https://en.wikipedia.org/wiki/Augustin-Jean_Fresnel
Gamow,George,1904,1968,Russia,white,male,https://en.wikipedia.org/wiki/George_Gamow
Gauss,Carl,1777,1855,Germany,white,male,https://en.wikipedia.org/wiki/Carl_Friedrich_Gauss
Gell-Mann,Murray,1929,2019,United States,white,male,https://en.wikipedia.org/wiki/Murray_Gell-Mann
Gerlach,Walther,1889,1979,Germany,white,male,https://en.wikipedia.org/wiki/Walther_Gerlach
Gibbons,Gary,1946,,England,white,male,https://en.wikipedia.org/wiki/Gary_Gibbons
Gibbs,Josiah,1839,1903,United States,white,male,https://en.wikipedia.org/wiki/Josiah_Willard_Gibbs
Ginzburg,Vitaly,1916,2009,Russia,white,male,https://en.wikipedia.org/wiki/Vitaly_Ginzburg
Goldstein,Sydney,1903,1989,England,white,male,https://en.wikipedia.org/wiki/Sydney_Goldstein
Goldstone,Jeffrey,1933,,England,white,male,https://en.wikipedia.org/wiki/Jeffrey_Goldstone
Gordan,Paul,1837,1912,Germany,white,male,https://en.wikipedia.org/wiki/Paul_Gordan
Gordon,Walter,1893,1939,Germany,white,male,https://en.wikipedia.org/wiki/Walter_Gordon_(physicist)
Goto,Tetsuo,,,Japan,East Asian,male,
Gouy,Louis,1854,1926,France,white,male,https://en.wikipedia.org/wiki/Louis_Georges_Gouy
Gram,Jørgen,1850,1916,Denmark,white,male,https://en.wikipedia.org/wiki/Jørgen_Pedersen_Gram
Grassmann,Hermann,1809,1877,Germany,white,male,https://en.wikipedia.org/wiki/Hermann_Grassmann
Green,Albert,1912,1999,England,white,male,https://en.wikipedia.org/wiki/Albert_E._Green
Green,George,1793,1841,England,white,male,https://en.wikipedia.org/wiki/George_Green_(mathematician)
Green,Melville,1922,1979,United States,white,male,https://en.wikipedia.org/wiki/Melville_S._Green
Grimm,Hans,1887,1958,Germany,white,male,https://de.zxc.wiki/wiki/Hans_G._Grimm
Gurney,Ronald,1898,1953,England,white,male,https://en.wikipedia.org/wiki/Ronald_Wilfred_Gurney
Gutmann,Carl,,,,,,
Haag,Rudolf,1922,2016,Fermany,white,male,https://en.wikipedia.org/wiki/Rudolf_Haag
Haber,Fritz,1868,1934,Germany,white,male,https://en.wikipedia.org/wiki/Fritz_Haber
Hadamard,Jacques,1865,1963,France,white,male,https://en.wikipedia.org/wiki/Jacques_Hadamard
Hagen,Gotthilf,1797,1884,Germany,white,male,https://en.wikipedia.org/wiki/Gotthilf_Hagen
Hamilton,William,1805,1865,Ireland,white,male,https://en.wikipedia.org/wiki/William_Rowan_Hamilton
Hardy,Godfrey,1877,1947,England,white,male,https://en.wikipedia.org/wiki/G._H._Hardy
Hartle,James,1939,,United States,white,male,https://en.wikipedia.org/wiki/James_Hartle
Hartley,Ralph,1888,1970,United States,white,male,https://en.wikipedia.org/wiki/Ralph_Hartley
Hartree,Douglas,1897,1958,England,white,male,https://en.wikipedia.org/wiki/Douglas_Hartree
Hasse,Helmut,1898,1979,Germany,white,male,https://en.wikipedia.org/wiki/Helmut_Hasse
Hastings,Wilfred,1930,2016,Canada,white,male,https://en.wikipedia.org/wiki/W._K._Hastings
Hawking,Stephen,1942,2018,England,white,male,https://en.wikipedia.org/wiki/Stephen_Hawking
Heaviside,Oliver,1850,1925,England,white,male,https://en.wikipedia.org/wiki/Oliver_Heaviside
Heisenberg,Werner,1901,1976,Germany,white,male,https://en.wikipedia.org/wiki/Werner_Heisenberg
Heitler,Walter,1904,1981,Germany,white,male,https://en.wikipedia.org/wiki/Walter_Heitler
Hellmann,Hans,1903,1938,Germany,white,male,https://en.wikipedia.org/wiki/Hans_Hellmann
Helmholtz,Hermann,1821,1894,Germany,white,male,https://en.wikipedia.org/wiki/Hermann_von_Helmholtz
Hermite,Charles,1822,1901,France,white,male,https://en.wikipedia.org/wiki/Charles_Hermite
Herring,Conyers,1914,2009,United States,white,male,https://en.wikipedia.org/wiki/Conyers_Herring
Hertz,Heinrich,1857,1894,Germany,white,male,https://en.wikipedia.org/wiki/Heinrich_Hertz
Hilbert,David,1862,1943,Germany,white,male,https://en.wikipedia.org/wiki/David_Hilbert
Hlawka,Edmund,1916,2009,Austria,white,male,https://en.wikipedia.org/wiki/Edmund_Hlawka
Hodge,William,1903,1975,Scotland,white,male,https://en.wikipedia.org/wiki/W._V._D._Hodge
Hohenberg,Pierre,1934,2017,France,white,male,https://en.wikipedia.org/wiki/Pierre_Hohenberg
Hölder,Otto,1859,1937,Germany,white,male,https://en.wikipedia.org/wiki/Otto_Hölder
Hollomon,John,1919,1985,United States,white,male,https://en.wikipedia.org/wiki/John_Herbert_Hollomon_Jr.
Holstein,Theodore,1915,1985,United States,white,male,https://en.wikipedia.org/wiki/Theodore_Holstein
Hoover,William,1936,,United States,white,male,http://williamhoover.info
Hopf,Heinz,1894,1971,Germany,white,male,https://en.wikipedia.org/wiki/Heinz_Hopf
Horrocks,Geoffrey,1932,2012,England,white,male,https://en.wikipedia.org/wiki/Geoffrey_Horrocks
Howarth,Leslie,1911,2001,England,white,male,https://en.wikipedia.org/wiki/Leslie_Howarth
Huang,Kun,1919,2005,China,East Asian,male,https://en.wikipedia.org/wiki/Huang_Kun
Hückel,Erich,1896,1980,Germany,white,male,https://en.wikipedia.org/wiki/Erich_Hückel
Huggins,Maurice,1897,1981,United States,white,male,https://en.wikipedia.org/wiki/Maurice_Loyal_Huggins
Huygens,Christiaan,1629,1695,Netherlands,white,male,https://en.wikipedia.org/wiki/Christiaan_Huygens
Ikehara,Shikao,1904,1984,Japan,East Asian,male,https://en.wikipedia.org/wiki/Shikao_Ikehara
Jacobi,Carl,1804,1851,Germany,white,male,https://en.wikipedia.org/wiki/Carl_Gustav_Jacob_Jacobi
Jahn,Hermann,1907,1979,England,white,male,https://en.wikipedia.org/wiki/Hermann_Arthur_Jahn
Jeans,James,1877,1946,England,white,male,https://en.wikipedia.org/wiki/James_Jeans
Jefimenko,Oleg,1922,2009,Ukraine,white,male,https://en.wikipedia.org/wiki/Oleg_D._Jefimenko
Jenkins,Gwilym,1932,1982,Wales,white,male,https://en.wikipedia.org/wiki/Gwilym_Jenkins
Jessen,Børge,1907,1993,Denmark,white,male,https://en.wikipedia.org/wiki/Børge_Jessen
Johnson,John,1887,1970,Sweden,white,male,https://en.wikipedia.org/wiki/John_Bertrand_Johnson
Jones,Lowell,1945,,United States,white,male,https://en.wikipedia.org/wiki/Lowell_E._Jones
Jordan,Camille,1838,1922,France,white,male,https://en.wikipedia.org/wiki/Camille_Jordan
Jordan,Pascual,1902,1980,Germany,white,male,https://en.wikipedia.org/wiki/Pascual_Jordan
Jordan,Wilhelm,1842,1899,Germany,white,male,https://en.wikipedia.org/wiki/Wilhelm_Jordan_(geodesist)
Jouguet,Émile,1871,1943,France,white,male,https://en.wikipedia.org/wiki/Émile_Jouguet
Kadison,Richard,1925,2018,United States,white,male,https://en.wikipedia.org/wiki/Richard_Kadison
Kähler,Erich,1906,2000,Germany,white,male,https://en.wikipedia.org/wiki/Erich_Kähler
Kaluza,Theodor,1885,1954,Germany,white,male,https://en.wikipedia.org/wiki/Theodor_Kaluza
Kapitza,Peter,1894,1984,Russia,white,male,https://en.wikipedia.org/wiki/Pyotr_Kapitsa
Kaplansky,Irving,1917,2006,Canada,white,male,https://en.wikipedia.org/wiki/Irving_Kaplansky
Karlhede,Anders,,,Sweden,white,male,
Kastler,Daniel,1926,2015,France,white,male,https://en.wikipedia.org/wiki/Daniel_Kastler
Kazhdan,David,1946,,Soviet Union,white,male,https://en.wikipedia.org/wiki/David_Kazhdan
Kelvin,Lord*,1824,1907,Ireland,white,male,"https://en.wikipedia.org/wiki/William_Thomson,_1st_Baron_Kelvin"
Kendall,PC,,,,,,
Kennelly,Arthur,1861,1939,Ireland,white,male,https://en.wikipedia.org/wiki/Arthur_E._Kennelly
Khinchin,Aleksandr,1894,1959,Russia,white,male,https://en.wikipedia.org/wiki/Aleksandr_Khinchin
Kleene,Stephen,1909,1994,United States,white,male,https://en.wikipedia.org/wiki/Stephen_Cole_Kleene
Klein,Felix,1849,1925,Germany,white,male,https://en.wikipedia.org/wiki/Felix_Klein
Klein,Oskar,1894,1977,Sweden,white,male,https://en.wikipedia.org/wiki/Oskar_Klein
Knudsen,Martin,1871,1949,Denmark,white,male,https://en.wikipedia.org/wiki/Martin_Knudsen
Koehler,James,1914,2006,United States,white,male,https://en.wikipedia.org/wiki/James_Stark_Koehler
Kohlrausch,V. A.,,,,,,
Kohn,Walter,1923,1916,Austria,white,male,https://en.wikipedia.org/wiki/Walter_Kohn
Koksma,Jurjen,1904,1964,Netherlands,white,male,https://en.wikipedia.org/wiki/Jurjen_Ferdinand_Koksma
Kolchin,Ellis,1916,1991,United States,white,male,https://en.wikipedia.org/wiki/Ellis_Kolchin
Kolmogorov,Andrey,1903,1987,Soviet Union,white,male,https://en.wikipedia.org/wiki/Andrey_Kolmogorov
Kontorova,Tatiana,,,Russia,white,female,
Koopman,Bernard,1900,1981,France,white,male,https://en.wikipedia.org/wiki/Bernard_Koopman
Korteweg,Diederik,1848,1941,Netherlands,white,male,https://en.wikipedia.org/wiki/Bernard_Koopman
Kossel,Walther,1888,1956,Germany,white,male,https://en.wikipedia.org/wiki/Walther_Kossel
Koster,George,1927,2012,United States,white,male,https://www.google.com/search?client=safari&rls=en&q=george+fred+koster&ie=UTF-8&oe=UTF-8
Kovalevskaya,Sofya,1850,1891,Russia,white,female,https://en.wikipedia.org/wiki/Sofya_Kovalevskaya
Kramers,Hans,1894,1952,Netherlands,white,male,https://en.wikipedia.org/wiki/Hans_Kramers
Kronecker,Leopold,1823,1891,Germany,white,male,https://en.wikipedia.org/wiki/Leopold_Kronecker
Kronig,Ralph,1904,1995,Germany,white,male,https://en.wikipedia.org/wiki/Ralph_Kronig
Kronrod,Alexander,1921,1986,Soviet Union,white,male,https://en.wikipedia.org/wiki/Alexander_Kronrod
Kubo,Ryogo,1920,1995,Japan,East Asian,male,https://en.wikipedia.org/wiki/Ryogo_Kubo
Kullback,Solomon,1907,1994,United States,white,male,https://en.wikipedia.org/wiki/Solomon_Kullback
Kuranishi,Masatake,1924,,Japan,East Asian,male,https://en.wikipedia.org/wiki/Masatake_Kuranishi
Kutta,Wilhelm,1867,1944,Poland,white,male,https://en.wikipedia.org/wiki/Martin_Kutta
Lagrange,Joseph-Louis,1736,1813,Italy,white,male,https://en.wikipedia.org/wiki/Joseph-Louis_Lagrange
Lamb,Willis,1913,2008,United States,white,male,https://en.wikipedia.org/wiki/Willis_Lamb
Lambert,Johann,1728,1777,Switzerland,white,male,https://en.wikipedia.org/wiki/Johann_Heinrich_Lambert
Landau,David,1941,,United States,white,male,https://en.wikipedia.org/wiki/David_P._Landau
Landau,Edmund,1877,1938,Germany,white,male,https://en.wikipedia.org/wiki/Edmund_Landau
Landau,Lev,1908,1968,Soviet Union,white,male,https://en.wikipedia.org/wiki/Lev_Landau
Langlands,Robert,1936,,Canada,white,male,https://en.wikipedia.org/wiki/Robert_Langlands
Langmuir,Irving,1881,1957,United States,white,male,https://en.wikipedia.org/wiki/Irving_Langmuir
Laplace,Pierre-Simon,1749,1827,France,white,male,https://en.wikipedia.org/wiki/Pierre-Simon_Laplace
Lebesgue,Henri,1875,1941,France,white,male,https://en.wikipedia.org/wiki/Henri_Lebesgue
Lefschetz,Solomon,1884,1972,Russia,white,male,https://en.wikipedia.org/wiki/Solomon_Lefschetz
Legendre,Adrien-Marie,1752,1833,France,white,male,https://en.wikipedia.org/wiki/Adrien-Marie_Legendre
Lehmus,Daniel,1780,1863,Germany,white,male,https://en.wikipedia.org/wiki/C._L._Lehmus
Leibler,Richard,1914,2003,United States,white,male,https://en.wikipedia.org/wiki/Richard_Leibler
Levich,Veniamin,1917,1987,Ukraine,white,male,https://en.wikipedia.org/wiki/Veniamin_Levich
Levy,Mel,1941,,United States,white,male,https://www.iaqms.org/members/levy.php
Lie,Sophus,1842,1899,Norway,white,male,https://en.wikipedia.org/wiki/Sophus_Lie
Lieb,Elliott,1932,,United States,white,male,https://en.wikipedia.org/wiki/Elliott_H._Lieb
Lifshitz,Evgeny,1915,1985,Russia,white,male,https://en.wikipedia.org/wiki/Evgeny_Lifshitz
Lindelöf,Ernst,1870,1946,Finland,white,male,https://en.wikipedia.org/wiki/Ernst_Leonard_Lindelöf
Lindemann,Ferdinand,1852,1939,Germany,white,male,https://en.wikipedia.org/wiki/Ferdinand_von_Lindemann
Lindstedt,Anders,1854,1939,Sweden,white,male,https://en.wikipedia.org/wiki/Anders_Lindstedt
Liouville,Joseph,1809,1882,France,white,male,https://en.wikipedia.org/wiki/Joseph_Liouville
Lippmann,Bernard,1914,1988,American,white,male,https://en.wikipedia.org/wiki/Bernard_Lippmann
Lipschitz,Rudolf,1832,1903,Germany,white,male,https://en.wikipedia.org/wiki/Rudolf_Lipschitz
Littlewood,John,1885,1977,England,white,male,https://en.wikipedia.org/wiki/John_Edensor_Littlewood
Ljung,Greta,1941,,Finland,white,female,https://en.wikipedia.org/wiki/Greta_M._Ljung
London,Fritz,1900,1954,Germany,white,male,https://en.wikipedia.org/wiki/Fritz_London
Lorentz,Hendrik,1853,1928,Netherlands,white,male,https://en.wikipedia.org/wiki/Hendrik_Lorentz
Lorenz,Ludvig,1829,1891,Denmark,white,male,https://en.wikipedia.org/wiki/Ludvig_Lorenz
Lotka,Alfred,1880,1949,Austria-Hungary,white,male,https://en.wikipedia.org/wiki/Ludvig_Lorenz
Lusztig,George,1946,,Romania,white,male,https://en.wikipedia.org/wiki/George_Lusztig
Luzin,Nikolai,1883,1950,Russia,white,male,https://en.wikipedia.org/wiki/Nikolai_Luzin
Lyapunov,Aleksandr,1857,1918,Russia,white,male,https://en.wikipedia.org/wiki/Aleksandr_Lyapunov
Machlup,S.,1927,2008,Austria,white,male,https://www.bems.org/node/190
Maclaurin,Colin,1698,1746,Scotland,white,male,https://en.wikipedia.org/wiki/Colin_Maclaurin
Malkin,Ioel,1907,1958,Russia,white,male,https://g.co/kgs/LQNFK9
Manin,Yuri,1937,,Soviet Union,white,male,https://en.wikipedia.org/wiki/Yuri_Manin
Marangoni,Carlo,1840,1925,Italy,white,male,https://en.wikipedia.org/wiki/Carlo_Marangoni
Margules,Max,1856,1920,Austrian Empire,white,male,https://en.wikipedia.org/wiki/Max_Margules
Margulis,Grigory,1946,,Russia,white,male,https://en.wikipedia.org/wiki/Grigory_Margulis
Maruyama,Gisiro,1916,1986,Japan,East Asian,male,https://en.wikipedia.org/wiki/Gisiro_Maruyama
Mascheroni,Lorenzo,1750,1800,Italy,white,male,https://en.wikipedia.org/wiki/Lorenzo_Mascheroni
Mathai,Varghese,,,,South Asian,male,
Maurer,Ludwig,1859,1927,Germany,white,male,https://en.wikipedia.org/wiki/Ludwig_Maurer
Maxwell,James,1831,1879,Scotland,white,male,https://en.wikipedia.org/wiki/James_Clerk_Maxwell
Mellin,Hjalmar,1854,1933,Finland,white,male,https://en.wikipedia.org/wiki/Hjalmar_Mellin
Menger,Karl,1902,1985,Austria-Hungary,white,male,https://en.wikipedia.org/wiki/Karl_Menger
Menten,Maud,1879,1960,Canada,white,female,https://en.wikipedia.org/wiki/Maud_Menten
Mermin,David,1935,,United States,white,male,https://en.wikipedia.org/wiki/N._David_Mermin
Meshkov,E,,,,,,
Metropolis,Nicholas,1915,1999,Greece,white,male,https://en.wikipedia.org/wiki/Nicholas_Metropolis
Meyer,Theodor,1882,1972,Germany,white,male,https://en.wikipedia.org/wiki/Theodor_Meyer
Michaelis,Leonor,1875,1949,Germany,white,male,https://en.wikipedia.org/wiki/Leonor_Michaelis
Mills,Robert,1927,1999,United States,white,male,https://en.wikipedia.org/wiki/Robert_Mills_(physicist)
Minkowski,Hermann,1864,1909,Poland,white,male,https://en.wikipedia.org/wiki/Hermann_Minkowski#See_also
Moens,Adriaan,1846,1891,Netherlands,white,male,https://en.wikipedia.org/wiki/Adriaan_Isebree_Moens
Mohr,Georg,1640,1697,Denmark,white,male,https://en.wikipedia.org/wiki/Georg_Mohr
Møller,Christian,1904,1980,Denmark,white,male,https://en.wikipedia.org/wiki/Christian_Møller
Morgenstern,Oskar,1902,1977,Austria,white,male,https://en.wikipedia.org/wiki/Oskar_Morgenstern
Morse,Marston,1892,1977,United States,white,male,https://en.wikipedia.org/wiki/Marston_Morse
Mössbauer,Rudolf,1929,2011,Germany,white,male,https://en.wikipedia.org/wiki/Rudolf_Mössbauer
Mostow,George,1923,1917,United States,white,male,https://en.wikipedia.org/wiki/George_Mostow#See_also
Mostowski,Andrzej,1913,1975,Austria-Hungary,white,male,https://en.wikipedia.org/wiki/Andrzej_Mostowski
Mott,Nevill,1905,1996,England,white,male,https://en.wikipedia.org/wiki/Nevill_Francis_Mott
Motzkin,Theodore,1908,1970,Germany,white,male,https://en.wikipedia.org/wiki/Theodore_Motzkin
Mukai,Shigeru,1953,,Japan,East Asian,male,https://en.wikipedia.org/wiki/Shigeru_Mukai
Muller,Mervin,1928,2018,United States,white,male,https://en.wikipedia.org/wiki/Mervin_E._Muller
Mullin,Albert,1933,2017,United States,white,male,https://en.wikipedia.org/wiki/Albert_A._Mullin
Mullins,William,1927,2001,United States,white,male,https://en.wikipedia.org/wiki/William_W._Mullins
Mumford,David,1937,,United States,white,male,https://en.wikipedia.org/wiki/David_Mumford
Nabarro,Frank,1916,2006,England,white,male,https://en.wikipedia.org/wiki/Frank_Nabarro
Nambu,Yoichiro,1921,2015,Japan,East Asian,male,https://en.wikipedia.org/wiki/Yoichiro_Nambu
Navier,Claude-Louis,1785,1836,France,white,male,https://en.wikipedia.org/wiki/Claude-Louis_Navier
Nernst,Walther,1864,1941,Germany,white,male,https://en.wikipedia.org/wiki/Walther_Nernst
Néron,André,1922,1985,France,white,male,https://en.wikipedia.org/wiki/André_Néron
Newton,Isaac,1642,1727,England,white,male,https://en.wikipedia.org/wiki/Isaac_Newton#cite_note-OSNS-2
Nicolson,Phyllis,1917,1968,England,white,female,https://en.wikipedia.org/wiki/Phyllis_Nicolson
Nishijima,Kazuhiko,1926,2009,Japan,East Asian,male,https://en.wikipedia.org/wiki/Kazuhiko_Nishijima
Nishina,Yoshio,1890,1951,Japan,East Asian,male,https://en.wikipedia.org/wiki/Yoshio_Nishina
Nosé,Shuichi,1951,2005,Japan,East Asian,male,https://en.wikipedia.org/wiki/Shuichi_Nosé
Nyquist,Harry,1889,1976,Sweden,white,male,https://en.wikipedia.org/wiki/Harry_Nyquist
Okubo,A,,,,,,
Okubo,Susumu,1930,2015,Japan,East Asian,male,https://en.wikipedia.org/wiki/Susumu_Okubo
Onsager,Lars,1903,1976,Norway,white,male,https://en.wikipedia.org/wiki/Lars_Onsager
Oppenheimer,Robert,1904,1967,United States,white,male,https://en.wikipedia.org/wiki/J._Robert_Oppenheimer
Orr,William,1866,1934,Ireland,white,male,https://en.wikipedia.org/wiki/William_McFadden_Orr
Oxford,Stephen,,,,,,
Page,Don,1948,,United States,white,male,
Palais,Richard,1931,,United States,white,male,https://en.wikipedia.org/wiki/Richard_Palais
Paley,Raymond,1907,1933,England,white,male,https://en.wikipedia.org/wiki/Raymond_Paley
Peach,,,,,,,
Peierls,Rudolf,1907,1995,Germany,white,male,https://en.wikipedia.org/wiki/Rudolf_Peierls
Penney,William,1909,1991,England,white,male,"https://en.wikipedia.org/wiki/William_Penney,_Baron_Penney"
Penrose,Roger,1931,,England,white,male,https://en.wikipedia.org/wiki/Roger_Penrose
Peter,Fritz,1899,1949,Germany,white,male,https://en.wikipedia.org/wiki/Fritz_Peter
Phelps,Earle,1976,1953,United States,white,male,https://en.wikipedia.org/wiki/Earle_B._Phelps
Philips,Melba,1907,2004,United States,white,female,https://en.wikipedia.org/wiki/Melba_Phillips
Phragmén,Lars,1863,1937,Sweden,white,male,https://en.wikipedia.org/wiki/Lars_Edvard_Phragmén
Picard,Émile,1856,1941,France,white,male,https://en.wikipedia.org/wiki/Émile_Picard
Plana,Giovanni,1781,1864,Italy,white,male,https://en.wikipedia.org/wiki/Giovanni_Antonio_Amedeo_Plana
Planck,Max,1858,1947,Germany,white,male,https://en.wikipedia.org/wiki/Max_Planck
Plateau,Joseph,1801,1883,Belgium,white,male,https://en.wikipedia.org/wiki/Joseph_Plateau
Plesset,Milton,1908,1991,United States,white,male,https://en.wikipedia.org/wiki/Milton_S._Plesset
Poincaré,Henri,1854,1912,France,white,male,https://en.wikipedia.org/wiki/Henri_Poincaré
Poiseuille,Jean,1797,1869,France,white,male,https://en.wikipedia.org/wiki/Jean_Léonard_Marie_Poiseuille
Poisson,Siméon,1781,1840,France,white,male,https://en.wikipedia.org/wiki/Siméon_Denis_Poisson
Pólya,George,1887,1985,Hungary,white,male,https://en.wikipedia.org/wiki/George_Pólya
Poncelet,Jean-Victor,1788,1867,France,white,male,https://en.wikipedia.org/wiki/Jean-Victor_Poncelet
Poole,HH,,,,,,
Popper,P.,,,,,,
Pothenot,Laurent,1650,1732,France,white,male,https://fr.wikipedia.org/wiki/Laurent_Pothenot
Prandtl,Ludwig,1875,1953,Germany,white,male,https://en.wikipedia.org/wiki/Ludwig_Prandtl
Proudman,Joseph,1888,1975,England,white,male,https://en.wikipedia.org/wiki/Joseph_Proudman
Purser,Michael,,,Ireland,white,male,
Queisser,Hans-Joachim,1931,,Germany,white,male,https://en.wikipedia.org/wiki/Hans-Joachim_Queisser
Quillen,Daniel,1940,2011,United States,white,male,https://en.wikipedia.org/wiki/Daniel_Quillen
Ramanujan,Srinivasa,1887,1920,India,South Asian,male,https://en.wikipedia.org/wiki/Srinivasa_Ramanujan
Rao,Calyampudi,1920,,India,South Asian,male,https://en.wikipedia.org/wiki/C._R._Rao
Raphson,Joseph,1648,1715,England,white,male,https://en.wikipedia.org/wiki/Joseph_Raphson
Raychaudhuri,Amal,1923,2005,India,South Asian,male,https://en.wikipedia.org/wiki/Amal_Kumar_Raychaudhuri
Rayleigh,Lord*,1842,1919,England,white,male,"https://en.wikipedia.org/wiki/John_William_Strutt,_3rd_Baron_Rayleigh"
Rehner,John,,,,,,
Renner,Rudolf,1909,1991,Germany,white,male,https://link.springer.com/article/10.1007/s11224-009-9479-z
Rhys,A,,,,,,
Richtmyer,Robert,1910,2003,United States,white,male,https://en.wikipedia.org/wiki/Robert_D._Richtmyer
Riemann,Bernhard,1826,1866,Germany,white,male,https://en.wikipedia.org/wiki/Bernhard_Riemann
Riesz,Frigyes,1880,1956,Austria-Hungary,white,male,https://en.wikipedia.org/wiki/Frigyes_Riesz
Ritz,Walther,1878,1909,Switzerland,white,male,https://en.wikipedia.org/wiki/Walther_Ritz
Roch,Gustav,1839,1866,Germany,white,male,https://en.wikipedia.org/wiki/Gustav_Roch
Rogers,Leonard,1862,1933,England,white,male,https://en.wikipedia.org/wiki/Leonard_James_Rogers
Rosser,John,1907,1989,United States,white,male,https://en.wikipedia.org/wiki/J._Barkley_Rosser
Rubin,Vera,1928,2016,United States,white,female,https://en.wikipedia.org/wiki/Vera_Rubin
Ruddlesden,S.N.,,,,,,
Ruelle,David,1935,,Belgium,white,male,https://en.wikipedia.org/wiki/David_Ruelle#See_also
Ruffini,Paolo,1765,1822,Italy,white,male,https://en.wikipedia.org/wiki/Paolo_Ruffini
Runge,Carl,1856,1927,Germany,white,male,https://en.wikipedia.org/wiki/Carl_Runge
Sackur,Otto,1880,1914,Germany,white,male,https://en.wikipedia.org/wiki/Otto_Sackur
Saffman,Philip,1931,2008,England,white,male,https://en.wikipedia.org/wiki/Philip_Saffman
Salpeter,Edwin,1924,2008,Austria,white,male,https://en.wikipedia.org/wiki/Edwin_Ernest_Salpeter
Sato,Mikio,1928,,Japan,East Asian,male,https://en.wikipedia.org/wiki/Mikio_Sato
Sato,T,,,Japan,East Asian,,
Savart,Félix,1791,1841,France,white,male,https://en.wikipedia.org/wiki/Félix_Savart
Schmidt,Erhard,1876,1959,Germany,white,male,https://en.wikipedia.org/wiki/Erhard_Schmidt#See_also
Schönberg,Mario,1914,1990,Brazil,white,male,https://en.wikipedia.org/wiki/Mário_Schenberg
Schottky,Friedrich,1851,1935,Germany,white,male,https://en.wikipedia.org/wiki/Friedrich_Schottky
Schottky,Walter,1886,1976,Germany,white,male,https://en.wikipedia.org/wiki/Walter_H._Schottky
Schrödinger,Erwin,1887,1961,Austria,white,male,https://en.wikipedia.org/wiki/Erwin_Schrödinger
Schulz,Günter,1905,1999,Poland,white,male,https://de.wikipedia.org/wiki/Günter_Victor_Schulz
Schwarz,Hermann,1843,1921,Germany,white,male,https://en.wikipedia.org/wiki/Hermann_Schwarz
Schwinger,Julian,1918,1994,United States,white,male,https://en.wikipedia.org/wiki/Julian_Schwinger
Segal,Graeme,1941,,Australia,white,male,https://en.wikipedia.org/wiki/Graeme_Segal
Seidel,Philipp,1821,1896,Germany,white,male,https://en.wikipedia.org/wiki/Philipp_Ludwig_von_Seidel
Seitz,Frederick,1911,2008,United States,white,male,https://en.wikipedia.org/wiki/Frederick_Seitz
Sekerka,Robert,1937,,United States,white,male,https://en.wikipedia.org/wiki/Robert_Sekerka
Serre,Jean-Pierre,1926,,France,white,male,https://en.wikipedia.org/wiki/Jean-Pierre_Serre
Shah,Jayant,,,,,,
Sham,Lu,1938,,Hong Kong,East Asian,male,https://en.wikipedia.org/wiki/Lu_Jeu_Sham
Shannon,Claude,1916,2001,United States,white,male,https://en.wikipedia.org/wiki/Claude_Shannon
Shockley,William,1910,1989,United States,white,male,https://en.wikipedia.org/wiki/William_Shockley
Shubnikov,Lev,1901,1937,Russia,white,male,https://en.wikipedia.org/wiki/Lev_Shubnikov
Singer,Isadore,1924,2021,United States,white,male,https://en.wikipedia.org/wiki/Isadore_Singer
Slater,John,1900,1976,United States,white,male,https://en.wikipedia.org/wiki/John_C._Slater
Slepian,David,1923,2007,United States,white,male,https://en.wikipedia.org/wiki/David_Slepian
Smale,Stephen,1930,,United States,white,male,https://en.wikipedia.org/wiki/Stephen_Smale
Smirnov,Nikolai,1900,1966,Russia,white,male,https://en.wikipedia.org/wiki/Nikolai_Smirnov_(mathematician)
Smoluchowski,Marian,1872,1917,Poland,white,male,https://en.wikipedia.org/wiki/Marian_Smoluchowski
Snell,Willebrord,1580,1626,Netherlands,white,male,https://en.wikipedia.org/wiki/Willebrord_Snellius
Soldner,Johann,1776,1833,Germany,white,male,https://en.wikipedia.org/wiki/Johann_Georg_von_Soldner
Sommerfeld,Arnold,1868,1951,Germany,white,male,https://en.wikipedia.org/wiki/Arnold_Sommerfeld
Squire,Herbert,1909,1961,England,white,male,https://en.wikipedia.org/wiki/Herbert_Squire
Stallings,John,1935,2008,United States,white,male,https://en.wikipedia.org/wiki/John_R._Stallings
Stark,Johannes,1875,1957,Germany,white,male,https://en.wikipedia.org/wiki/Johannes_Stark
Starling,Kenneth,1935,2019,United States,white,male,https://cen.acs.org/people/obituaries/Obituary-Kenneth-E-Starling/98/i8
Stefan,Josef,1835,1893,Austria,white,male,https://en.wikipedia.org/wiki/Josef_Stefan
Steiner,Jakob,1796,1863,Switzerland,white,male,https://en.wikipedia.org/wiki/Jakob_Steiner
Stern,Otto,1888,1969,Germany,white,male,https://en.wikipedia.org/wiki/Otto_Stern
Stieltjes,Thomas,1856,1894,Netherlands,white,male,https://en.wikipedia.org/wiki/Thomas_Joannes_Stieltjes
Stockmayer,Walter,1914,2004,United States,white,male,https://en.wikipedia.org/wiki/Walter_H._Stockmayer
Stokes,George,1819,1903,Ireland,white,male,"https://en.wikipedia.org/wiki/Sir_George_Stokes,_1st_Baronet"
Stone,Marshall,1903,1989,United States,white,male,https://en.wikipedia.org/wiki/Marshall_Harvey_Stone
Stoner,Edmund,1899,1968,England,white,male,https://en.wikipedia.org/wiki/Edmund_Clifton_Stoner
Streeter,H. W.,,,United States,white,male,
Strogatz,Steven,1959,,United States,white,male,https://en.wikipedia.org/wiki/Steven_Strogatz
Stuart,John,1929,,England,white,male,https://en.wikipedia.org/wiki/John_Trevor_Stuart
Sturm,Jacques,1803,1855,France,white,male,https://en.wikipedia.org/wiki/Jacques_Charles_François_Sturm
Suslin,Andrei,1950,2018,Soviet Union,white,male,https://en.wikipedia.org/wiki/Andrei_Suslin
Swan,Richard,1933,,United States,white,male,https://en.wikipedia.org/wiki/Richard_Swan
Szegö,Gábor,1895,1985,Hungary,white,male,https://en.wikipedia.org/wiki/Gábor_Szegő
Tartaglia,Niccolò,1500,1557,Italy,white,male,https://en.wikipedia.org/wiki/Niccolò_Fontana_Tartaglia
Tate,John,1925,2019,United States,white,male,https://en.wikipedia.org/wiki/John_Tate
Taylor,Geoffrey,1886,1975,England,white,male,https://en.wikipedia.org/wiki/G._I._Taylor
Teller,Edward,1908,2003,Hungary,white,male,https://en.wikipedia.org/wiki/Edward_Teller
Tetrode,Hugo,1895,1931,Netherlands,white,male,https://en.wikipedia.org/wiki/Hugo_Tetrode
Thue,Axel,1863,1922,Norway,white,male,https://en.wikipedia.org/wiki/Axel_Thue
Tropsch,Hans,1889,1935,Austria-Hungary,white,male,https://en.wikipedia.org/wiki/Hans_Tropsch
Turing,Alan,1912,1954,England,white,male,https://en.wikipedia.org/wiki/Alan_Turing
Ulam,Stanisław,1909,1984,Poland,white,male,https://en.wikipedia.org/wiki/Stanislaw_Ulam
van Alphen,Pieter,,,,,,
van Leeuwen,Hendrika,1887,1974,Netherlands,white,female,https://en.wikipedia.org/wiki/Hendrika_Johanna_van_Leeuwen
Varadhan,Sathamangalam,1940,,India,South Asian,male,https://en.wikipedia.org/wiki/S._R._Srinivasa_Varadhan
Vessiot,Ernest,1865,1952,France,white,male,https://en.wikipedia.org/wiki/Ernest_Vessiot
Vinogradov,Ivan,1891,1983,Soviet Union,white,male,https://en.wikipedia.org/wiki/Ivan_Vinogradov
Volmer,Max,1885,1965,Germany,white,male,https://en.wikipedia.org/wiki/Max_Volmer
Volterra,Vito,1860,1940,Italy,white,male,https://en.wikipedia.org/wiki/Vito_Volterra
von Kármán,Theodore,1881,1963,Hungary,white,male,https://en.wikipedia.org/wiki/Theodore_von_Kármán
von Mises,Richard,1883,1953,Austria,white,male,https://en.wikipedia.org/wiki/Richard_von_Mises
von Neumann,John,1903,1957,Hungary,white,male,https://en.wikipedia.org/wiki/John_von_Neumann
Wagner,Herbert,1935,,Germany,white,male,https://en.wikipedia.org/wiki/Herbert_Wagner_(physicist)
Waller,Ivar,1898,1991,Sweden,white,male,https://en.wikipedia.org/wiki/Ivar_Waller
Wang,Fugao,,,China,East Asian,male,
Wannier,Gregory,1911,1983,Switzerland,white,male,https://en.wikipedia.org/wiki/Gregory_Wannier
Watts,Duncan,1971,,United States,white,male,https://en.wikipedia.org/wiki/Duncan_J._Watts
Weaver,Warren,1894,1978,United States,white,male,https://en.wikipedia.org/wiki/Warren_Weaver
Weber,Heinrich,1842,1913,Germany,white,male,https://en.wikipedia.org/wiki/Heinrich_Martin_Weber
Weierstrass,Karl,1815,1897,Germany,white,male,https://en.wikipedia.org/wiki/Karl_Weierstrass
Weinberg,Wilhelm,1862,1937,Germany,white,male,https://en.wikipedia.org/wiki/Wilhelm_Weinberg
Weiss,Jeffrey,,,United States,white,male,
Weiss,Joseph,1905,1972,Austria,white,male,https://en.wikipedia.org/wiki/Joseph_Joshua_Weiss
Weiss,Pierre,1865,1940,France,white,male,https://en.wikipedia.org/wiki/Pierre_Weiss
Weyl,Hermann,1885,1955,Germany,white,male,https://en.wikipedia.org/wiki/Hermann_Weyl
Whittaker,Edmund,1873,1956,England,white,male,https://en.wikipedia.org/wiki/E._T._Whittaker
Wiedemann,Gustav,1826,1899,Germany,white,male,https://en.wikipedia.org/wiki/Gustav_Heinrich_Wiedemann
Wiener,Norbert,1894,1964,United States,white,male,https://en.wikipedia.org/wiki/Norbert_Wiener
Wigner,Eugene,1902,1995,Hungary,white,male,https://en.wikipedia.org/wiki/Eugene_Wigner
Wintner,Aurel,1903,1958,Hungary,white,male,https://en.wikipedia.org/wiki/Aurel_Wintner
Wohlfarth,Erich,1924,1988,Poland,white,male,https://en.wikipedia.org/wiki/Erich_Peter_Wohlfarth
Wold,Herman,1908,1992,Norway,white,male,https://en.wikipedia.org/wiki/Herman_Wold
Wolf,Jack,1935,2011,United States,white,male,https://en.wikipedia.org/wiki/Jack_Wolf
Wolff,Julius,1882,1945,Netherlands,white,male,https://en.wikipedia.org/wiki/Julius_Wolff_(mathematician)
Yang,Chen-Ning,1922,,China,East Asian,male,https://en.wikipedia.org/wiki/Yang_Chen-Ning
Young,Thomas,1773,1829,England,white,male,https://en.wikipedia.org/wiki/Thomas_Young_(scientist)
Zaremba,Stanisław,1863,1942,Poland,white,male,https://en.wikipedia.org/wiki/Stanisław_Zaremba_(mathematician)
Zener,Clarence,1905,1993,United States,white,male,https://en.wikipedia.org/wiki/Clarence_Zener
Zygmund,Antoni,1900,1992,Poland,white,male,https://en.wikipedia.org/wiki/Antoni_Zygmund